孔口宽度,插入深度,黏度比,毛细管数,流动相流速,分散相流速,流速比,液滴直径/um,液滴生成速率
212.74,20,43.78109453,156.5836299,100,35,2.857142857,537.542928,7.172634839
212.74,20,43.78109453,156.5836299,100,75,1.333333333,627.8173128,9.647427754
212.74,20,43.78109453,161.2811388,103,16,6.4375,534.260223,3.339731818
212.74,20,43.78109453,164.4128114,105,55,1.909090909,608.1210834,7.784713655
212.74,20,43.78109453,175.3736655,112,90,1.244444444,648.3342184,10.5122532
212.74,20,43.78109453,180.0711744,115,55,2.090909091,592.5282351,8.415611411
212.74,20,43.78109453,180.0711744,115,75,1.533333333,606.4797309,10.70194033
212.74,20,43.78109453,181.6370107,116,115,1.008695652,660.6443618,12.69535286
212.74,20,43.78109453,187.9003559,120,35,3.428571429,552.3151,6.612374292
212.74,20,43.78109453,200.4270463,128,135,0.948148148,644.2308373,16.07160964
212.74,20,43.78109453,297.5088968,190,135,1.407407407,579.3974155,22.0929771
212.74,20,43.78109453,297.5088968,190,175,1.085714286,640.1274562,21.23678731
212.74,20,43.78109453,302.2064057,193,115,1.67826087,560.5218623,20.78597049
212.74,20,43.78109453,305.3380783,195,155,1.258064516,589.2455302,24.11531518
212.74,20,43.78109453,310.0355872,198,95,2.084210526,540.0049566,19.20350494
212.74,20,43.78109453,357.0106762,228,195,1.169230769,590.8868826,30.08650212
212.74,20,43.78109453,364.8398577,233,175,1.331428571,570.369977,30.02052009
212.74,20,43.78109453,371.1032028,237,155,1.529032258,557.2391574,28.51392168
212.74,20,43.78109453,375.8007117,240,95,2.526315789,491.5850593,25.45527043
212.74,20,43.78109453,375.8007117,240,135,1.777777778,546.5703664,26.3175622
212.74,20,43.78109453,380.4982206,243,115,2.113043478,515.3846699,26.73951255
212.74,20,43.78109453,399.2882562,255,95,2.684210526,486.6610019,26.23578736
212.74,20,43.78109453,399.2882562,255,195,1.307692308,562.1632147,34.93795443
212.74,20,43.78109453,407.1174377,260,75,3.466666667,475.992211,22.13664802
212.74,20,43.78109453,407.1174377,260,155,1.677419355,535.0808993,32.20501368
212.74,20,43.78109453,410.2491103,262,135,1.940740741,526.874137,29.38077595
212.74,20,43.78109453,414.9466192,265,115,2.304347826,520.3087272,25.98750846
212.74,20,43.78109453,430.6049822,275,175,1.571428571,527.6948132,37.90877119
212.74,20,43.78109453,469.7508897,300,195,1.538461538,526.874137,42.43889859
131.2,18,43.78109453,156.5836299,100,30,3.333333333,476.4608171,8.828558841
131.2,18,43.78109453,156.5836299,100,35,2.857142857,480,10.0738265
131.2,18,43.78109453,156.5836299,100,40,2.5,483.3060775,11.27829258
131.2,18,43.78109453,156.5836299,100,45,2.222222222,485,12.55559888
131.2,18,43.78109453,156.5836299,100,50,2,487,13.77949354
131.2,18,43.78109453,156.5836299,100,55,1.818181818,499,14.0900063
131.2,18,43.78109453,156.5836299,100,60,1.666666667,507.9985838,14.56846787
131.2,18,43.78109453,156.5836299,100,65,1.538461538,520,14.7147694
131.2,18,43.78109453,156.5836299,100,70,1.428571429,532.6188706,14.746825
131.2,18,43.78109453,156.5836299,100,75,1.333333333,540,15.16107928
131.2,18,43.78109453,156.5836299,100,80,1.25,549.0323951,15.38672567
131.2,18,43.78109453,156.5836299,100,85,1.176470588,555,15.82669055
131.2,18,43.78109453,156.5836299,100,90,1.111111111,562.1632147,16.12520974
131.2,18,43.78109453,156.5836299,100,100,1,578.5767392,16.43490606
131.2,18,43.78109453,156.5836299,100,110,0.909090909,590.0662064,17.04278601
131.2,18,43.78109453,156.5836299,100,115,0.869565217,595,17.37789136
131.2,18,43.78109453,156.5836299,100,120,0.833333333,610,16.82836316
131.2,18,43.78109453,156.5836299,100,125,0.8,621,16.61442621
131.2,18,43.78109453,156.5836299,100,130,0.769230769,632,16.39238902
131.2,18,43.78109453,156.5836299,100,135,0.740740741,640,16.39245429
131.2,18,43.78109453,156.5836299,100,140,0.714285714,653.2582758,15.98539637
131.2,18,43.78109453,156.5836299,100,145,0.689655172,681,14.61425905
131.2,18,43.78109453,156.5836299,100,150,0.666666667,725.4777837,12.50457803
131.2,18,43.78109453,156.5836299,100,155,0.64516129,749,11.74184599
131.2,18,43.78109453,156.5836299,100,160,0.625,764.0495663,11.41840694
175,100,43.78109453,156.5836299,100,30,3.333333333,556,5.555805261
175,100,43.78109453,156.5836299,100,35,2.857142857,568,6.079574321
175,100,43.78109453,156.5836299,100,45,2.222222222,599,6.664724188
175,100,43.78109453,156.5836299,100,55,1.818181818,633,6.902424964
175,100,43.78109453,156.5836299,100,65,1.538461538,661,7.164058325
175,100,43.78109453,156.5836299,100,75,1.333333333,688,7.330710744
175,100,43.78109453,156.5836299,100,85,1.176470588,716,7.3710608
175,100,43.78109453,156.5836299,100,95,1.052631579,744,7.342685607
175,100,43.78109453,156.5836299,100,105,0.952380952,780,7.042966549
175,100,43.78109453,156.5836299,100,40,2.5,580,6.525685588
175,100,43.78109453,156.5836299,100,50,2,619,6.71039665
175,100,43.78109453,156.5836299,100,60,1.666666667,649,6.986622766
175,100,43.78109453,156.5836299,100,70,1.428571429,676,7.212869702
175,100,43.78109453,156.5836299,100,80,1.25,700,7.424137414
175,100,43.78109453,156.5836299,100,90,1.111111111,732,7.303977068
175,100,43.78109453,156.5836299,100,100,1,760,7.251191218
175,100,43.78109453,156.5836299,100,110,0.909090909,802,6.787654296
175,100,43.78109453,156.5836299,100,45,2.222222222,595,6.800044446
175,100,43.78109453,156.5836299,100,55,1.818181818,633,6.902424964
175,100,43.78109453,156.5836299,100,65,1.538461538,661,7.164058325
175,100,43.78109453,156.5836299,100,75,1.333333333,684,7.46007327
175,100,43.78109453,156.5836299,100,85,1.176470588,716,7.3710608
175,100,43.78109453,156.5836299,100,95,1.052631579,748,7.22551732
175,100,43.78109453,156.5836299,100,105,0.952380952,781,7.015947526
175,100,43.78109453,156.5836299,100,35,2.857142857,760,2.537916926
110,101,44.96318408,160.8113879,100,30,3.333333333,407.055408,14.15828996
110,101,44.96318408,160.8113879,100,35,2.857142857,423,14.71963622
110,101,44.96318408,160.8113879,100,45,2.222222222,461,14.62042079
110,101,44.96318408,160.8113879,100,55,1.818181818,491,14.79000592
110,101,44.96318408,160.8113879,100,65,1.538461538,523,14.46300128
110,101,44.96318408,160.8113879,100,75,1.333333333,560,13.59400161
110,101,44.96318408,160.8113879,100,40,2.5,446.4478669,14.30862392
110,101,44.96318408,160.8113879,100,50,2,480.9162684,14.30908071
110,101,44.96318408,160.8113879,100,60,1.666666667,498.1504691,15.44968945
110,101,44.96318408,160.8113879,100,70,1.428571429,540,14.15034066
110,101,44.96318408,160.8113879,100,80,1.25,574.4733581,13.43168333
110,101,44.96318408,160.8113879,100,90,1.111111111,738.6086033,7.109671883
110,101,44.96318408,321.6227758,200,60,3.333333333,396.3866171,30.66510352
110,101,44.96318408,321.6227758,200,70,2.857142857,473.5301823,20.98481659
110,101,44.96318408,321.6227758,200,80,2.5,469.4268012,24.61707664
110,101,44.96318408,321.6227758,200,90,2.222222222,384.8971499,50.24103279
110,101,44.96318408,321.6227758,200,100,2,491.5850593,26.7950215
110,101,44.96318408,321.6227758,200,120,1.666666667,599.9143211,17.69146071
164,140,44.96318408,160.8113879,100,30,3.333333333,361.9182156,20.14373797
164,140,44.96318408,160.8113879,100,40,2.5,398.8486458,20.06715294
164,140,44.96318408,160.8113879,100,50,2,411.9794654,22.7611096
164,140,44.96318408,160.8113879,100,60,1.666666667,421.0069039,25.59373872
164,140,44.96318408,160.8113879,100,70,1.428571429,492.4057355,18.6628887
164,140,44.96318408,321.6227758,200,30,6.666666667,333,25.86060548
164,140,44.96318408,321.6227758,200,35,5.714285714,341,28.09668239
164,140,44.96318408,321.6227758,200,40,5,356,28.22020291
164,140,44.96318408,321.6227758,200,45,4.444444444,374,27.38090774
164,140,44.96318408,321.6227758,200,50,4,385,27.88932161
164,140,44.96318408,321.6227758,200,55,3.636363636,399,27.56094708
164,140,44.96318408,321.6227758,200,65,3.076923077,410,30.02008525
164,140,44.96318408,321.6227758,200,60,3.333333333,432,23.68918637
164,140,44.96318408,321.6227758,200,70,2.857142857,449,24.61552777
164,140,44.96318408,321.6227758,200,80,2.5,470,24.52711955
164,140,44.96318408,321.6227758,200,90,2.222222222,485,25.11119776
164,140,44.96318408,321.6227758,200,100,2,511,23.85544017
164,140,44.96318408,321.6227758,200,110,1.818181818,543,21.86972546
164,140,44.96318408,321.6227758,200,120,1.666666667,570,20.62561058
164,140,44.96318408,321.6227758,200,130,1.538461538,599,19.25364765
164,140,44.96318408,321.6227758,200,150,1.333333333,630,19.09500364
182,154,44.96318408,160.8113879,100,30,3.333333333,500,7.639437399
182,154,44.96318408,160.8113879,100,40,2.5,521,9.003201209
182,154,44.96318408,160.8113879,100,50,2,551,9.514048095
182,154,44.96318408,160.8113879,100,60,1.666666667,585,9.539679559
182,154,44.96318408,160.8113879,100,70,1.428571429,621,9.304078677
182,154,44.96318408,160.8113879,100,80,1.25,651,9.229903406
182,154,44.96318408,321.6227758,200,80,2.5,511,19.08435213
182,154,44.96318408,321.6227758,200,90,2.222222222,531,19.13414589
182,154,44.96318408,321.6227758,200,100,2,550,19.13207463
182,154,44.96318408,321.6227758,200,110,1.818181818,562,19.72576583
182,154,44.96318408,321.6227758,200,120,1.666666667,580,19.57705676
182,154,44.96318408,321.6227758,200,130,1.538461538,593,19.84400862
182,154,44.96318408,321.6227758,200,140,1.428571429,622,18.51855161
182,154,44.96318408,321.6227758,200,150,1.333333333,646.692866,17.65416509
110,101,19.62029851,108.7411765,150,30,5,450.551248,10.44092073
110,101,19.62029851,108.7411765,150,40,3.75,463.6820676,12.77171518
110,101,19.62029851,108.7411765,150,50,3,492.4057355,13.33063478
110,101,19.62029851,108.7411765,150,60,2.5,500.6124978,15.22286242
110,101,19.62029851,108.7411765,150,70,2.142857143,512.9226412,16.51172949
110,101,19.62029851,108.7411765,150,80,1.875,565.4459196,14.08532585
110,101,19.62029851,72.49411765,100,30,3.333333333,479.2749159,8.673957511
110,101,19.62029851,72.49411765,100,35,2.857142857,496.5091167,9.101993003
110,101,19.62029851,72.49411765,100,40,2.5,500.6124978,10.14857495
110,101,19.62029851,72.49411765,100,45,2.222222222,507.9985838,10.9263509
110,101,19.62029851,72.49411765,100,50,2,534.260223,10.43666193
110,101,19.62029851,72.49411765,100,55,1.818181818,564.6252434,9.725948192
110,101,19.62029851,72.49411765,100,60,1.666666667,574.4733581,10.07376249
94,120,19.62029851,72.49411765,100,30,3.333333333,398.0279696,15.14365182
94,120,19.62029851,72.49411765,100,35,2.857142857,436.5997522,13.38652102
94,120,19.62029851,72.49411765,100,40,2.5,451.3719242,13.84543165
94,120,19.62029851,72.49411765,100,45,2.222222222,460.3993627,14.67771691
94,120,19.62029851,72.49411765,100,50,2,480.0955921,14.38258612
94,120,19.62029851,72.49411765,100,55,1.818181818,494.047088,14.51803345
94,120,19.62029851,72.49411765,100,60,1.666666667,500.6124978,15.22286242
94,120,19.62029851,72.49411765,100,65,1.538461538,511.2812887,15.48045758
94,120,19.62029851,72.49411765,100,70,1.428571429,526.0534608,15.30588791
94,120,19.62029851,108.7411765,150,30,5,366.842273,19.34342003
94,120,19.62029851,108.7411765,150,35,4.285714286,375,21.1263454
94,120,19.62029851,108.7411765,150,45,3.333333333,408,21.09027095
94,120,19.62029851,108.7411765,150,55,2.727272727,440,20.55203329
94,120,19.62029851,108.7411765,150,65,2.307692308,461,21.11838559
94,120,19.62029851,108.7411765,150,40,3.75,384.0764737,22.47279081
94,120,19.62029851,108.7411765,150,50,3,423.4689326,20.95827219
94,120,19.62029851,108.7411765,150,60,2.5,451.3719242,20.76814747
94,120,19.62029851,108.7411765,150,70,2.142857143,467.7854488,21.76747478
94,120,19.62029851,108.7411765,150,80,1.875,492.4057355,21.32901565
94,120,19.62029851,108.7411765,150,90,1.666666667,500.6124978,22.83429363
94,120,19.62029851,108.7411765,150,100,1.5,522.7707559,22.2800561
110,101,8.277313433,47.26534091,100,30,3.333333333,443.165162,10.97171587
110,101,8.277313433,47.26534091,100,35,2.857142857,464,11.15229471
110,101,8.277313433,47.26534091,100,40,2.5,492.4057355,10.66450783
110,101,8.277313433,47.26534091,100,45,2.222222222,512,10.67217076
110,101,8.277313433,47.26534091,100,50,2,525.2327846,10.98410458
110,101,8.277313433,47.26534091,100,55,1.818181818,544,10.87467096
110,101,8.277313433,47.26534091,100,60,1.666666667,558.8805098,10.94068444
110,101,8.277313433,47.26534091,100,65,1.538461538,576,10.82669846
110,101,8.277313433,70.89801136,150,30,5,415.2621703,13.33534578
110,101,8.277313433,70.89801136,150,35,4.285714286,466,11.00931832
110,101,8.277313433,70.89801136,150,40,3.75,521.1294034,8.996496029
110,101,8.277313433,70.89801136,150,45,3.333333333,533,9.459779673
110,101,8.277313433,70.89801136,150,50,3,544.1083378,9.880160419
110,101,8.277313433,70.89801136,150,55,2.727272727,555.1083378,10.234805
110,101,8.277313433,70.89801136,150,60,2.5,567.9079483,10.42719617
110,101,8.277313433,70.89801136,150,65,2.307692308,570,11.17220573
110,101,8.277313433,70.89801136,150,70,2.142857143,575.2940343,11.70249767
110,101,8.277313433,70.89801136,150,75,2,578,12.36311426
110,101,8.277313433,70.89801136,150,80,1.875,578,13.18732187
110,101,8.277313433,70.89801136,150,85,1.764705882,581,13.79560221
110,101,8.277313433,70.89801136,150,90,1.666666667,590.8688263,13.88735097
110,101,8.277313433,94.53068182,200,30,6.666666667,410,13.85542396
110,101,8.277313433,94.53068182,200,35,5.714285714,418,15.2541964
110,101,8.277313433,94.53068182,200,40,5,420,17.18550327
110,101,8.277313433,94.53068182,200,45,4.444444444,425,18.65932196
110,101,8.277313433,94.53068182,200,55,3.636363636,440,20.55203329
110,101,8.277313433,94.53068182,200,60,3.333333333,451,20.81957019
110,101,8.277313433,94.53068182,200,65,3.076923077,462,20.98154983
110,101,8.277313433,94.53068182,200,50,4,430.110285,20.00233312
110,101,8.277313433,94.53068182,200,75,2.666666667,585,11.92459945
110,101,8.277313433,94.53068182,200,80,2.5,599,11.84839856
110,101,8.277313433,94.53068182,200,85,2.352941176,610,11.92009057
110,101,8.277313433,94.53068182,200,70,2.857142857,478.4542397,20.34355993
110,101,8.277313433,94.53068182,200,90,2.222222222,620,12.0203628
110,101,8.277313433,94.53068182,200,100,2,630,12.73000242
110,101,8.277313433,94.53068182,200,105,1.904761905,644,12.51358741
110,101,8.277313433,94.53068182,200,110,1.818181818,654.3890954,12.49495392
110,101,8.277313433,94.53068182,200,115,1.739130435,666.9095415,12.34090992
110,101,8.277313433,94.53068182,200,120,1.666666667,671.3854151,12.62163663
110,101,8.277313433,94.53068182,200,125,1.6,675,12.93745432
110,101,8.277313433,94.53068182,200,130,1.538461538,681.9819437,13.04592442
110,101,8.277313433,94.53068182,200,135,1.481481481,690,13.08087004
110,101,8.277313433,94.53068182,200,140,1.428571429,700.0368207,12.99019048
110,101,8.277313433,94.53068182,200,145,1.379310345,705,13.17197161
110,101,8.277313433,94.53068182,200,150,1.333333333,713.9883165,13.11801364
110,101,8.277313433,94.53068182,200,155,1.290322581,724,13.00068196
110,101,8.277313433,94.53068182,200,160,1.25,738.6086033,12.63941668
110,101,8.277313433,70.89801136,150,30,5,476.8128872,8.809016728
110,101,8.277313433,70.89801136,150,35,4.285714286,491,9.411821949
110,101,8.277313433,70.89801136,150,45,3.333333333,522,10.07050245
110,101,8.277313433,70.89801136,150,55,2.727272727,547,10.69672536
110,101,8.277313433,70.89801136,150,65,2.307692308,561,11.7185778
110,101,8.277313433,70.89801136,150,40,3.75,506.5410628,9.796391985
110,101,8.277313433,70.89801136,150,50,3,539.3040991,10.14656344
110,101,8.277313433,70.89801136,150,60,2.5,558.0598336,10.98902318
110,101,8.277313433,70.89801136,150,70,2.142857143,567.0872721,12.2179537
110,101,8.277313433,70.89801136,150,75,2,575,12.55763524
110,101,8.277313433,70.89801136,150,85,1.764705882,599,12.58892347
110,101,8.277313433,70.89801136,150,80,1.875,582.6801204,12.87210334
110,101,8.277313433,70.89801136,150,90,1.666666667,615.5071694,12.28551301
110,101,8.277313433,94.53068182,200,55,3.636363636,456,18.46368134
110,101,8.277313433,94.53068182,200,30,6.666666667,410,13.85542396
110,101,8.277313433,94.53068182,200,35,5.714285714,421,14.93041542
110,101,8.277313433,94.53068182,200,40,5,431,15.90297278
110,101,8.277313433,94.53068182,200,45,4.444444444,444,16.36491441
110,101,8.277313433,94.53068182,200,50,4,455,16.89607969
110,101,8.277313433,94.53068182,200,60,3.333333333,469.4268012,18.46280748
110,101,8.277313433,94.53068182,200,65,3.076923077,477,19.06375088
110,101,8.277313433,94.53068182,200,80,2.5,556,14.8154807
110,101,8.277313433,94.53068182,200,75,2.666666667,530,16.03554738
110,101,8.277313433,94.53068182,200,85,2.352941176,580,13.86708187
110,101,8.277313433,94.53068182,200,70,2.857142857,486.6610019,19.33163279
110,101,8.277313433,94.53068182,200,90,2.222222222,602.423949,13.10345912
110,101,8.277313433,94.53068182,200,100,2,629.2182071,12.77751184
110,101,8.277313433,94.53068182,200,110,1.818181818,658.1257065,12.28333385
94,120,8.277313433,70.89801136,150,30,5,363.5595681,19.87214068
94,120,8.277313433,70.89801136,150,35,4.285714286,365.9568065,22.73153125
94,120,8.277313433,70.89801136,150,40,3.75,370.9456541,24.94475621
94,120,8.277313433,70.89801136,150,45,3.333333333,388,24.52265407
94,120,8.277313433,70.89801136,150,50,3,413.6208178,22.49121785
94,120,8.277313433,70.89801136,150,55,2.727272727,441,20.41254033
94,120,8.277313433,70.89801136,150,60,2.5,462.0407152,19.36246487
94,120,8.277313433,70.89801136,150,65,2.307692308,483,18.36208947
94,120,8.277313433,70.89801136,150,70,2.142857143,503.8952027,17.41516139
94,120,8.277313433,70.89801136,150,75,2,511,17.89158012
94,120,8.277313433,70.89801136,150,80,1.875,518.6673748,18.25043957
94,120,8.277313433,70.89801136,150,85,1.764705882,533,17.86847272
94,120,8.277313433,70.89801136,150,90,1.666666667,546.5703664,17.54504147
94,120,8.277313433,70.89801136,150,95,1.578947368,578,15.65994472
94,120,8.277313433,70.89801136,150,100,1.5,613.0451407,13.8156961
105,56,8.277313433,75.62454545,160,30,5.333333333,538.7222397,6.107685635
105,56,8.277313433,75.62454545,160,35,4.571428571,543.5798223,6.936305249
105,56,8.277313433,75.62454545,160,40,4,554.5596495,7.465610474
105,56,8.277313433,75.62454545,160,45,3.555555556,566.567784,7.876023803
105,56,8.277313433,75.62454545,160,50,3.2,615.1501753,6.837174792
105,56,8.277313433,94.53068182,200,35,5.714285714,471,10.66241195
105,56,8.277313433,94.53068182,200,40,5,486.2063473,11.07766567
105,56,8.277313433,94.53068182,200,45,4.444444444,483.3331599,12.68594644
105,56,8.277313433,94.53068182,200,50,4,491.6876438,13.38912683
105,56,8.277313433,94.53068182,200,55,3.636363636,527.2705236,11.94297008
105,56,8.277313433,94.53068182,200,60,3.333333333,564.6572498,10.60832117
105,56,8.277313433,94.53068182,200,65,3.076923077,579.8356566,10.61325835
105,56,8.277313433,94.53068182,200,70,2.857142857,590,10.84906072
105,56,8.277313433,94.53068182,200,75,2.666666667,601,10.99734835
105,56,8.277313433,94.53068182,200,80,2.5,610,11.21890878
105,56,8.277313433,94.53068182,200,85,2.352941176,624,11.1356428
105,56,8.277313433,94.53068182,200,90,2.222222222,634,11.24151568
99,328,8.277313433,70.89801136,150,30,5,444.6899784,10.85923828
99,328,8.277313433,70.89801136,150,35,4.285714286,426.5300549,14.3571839
99,328,8.277313433,70.89801136,150,40,3.75,425.0749959,16.57728668
99,328,8.277313433,70.89801136,150,45,3.333333333,427.0626737,18.39025725
99,328,8.277313433,70.89801136,150,50,3,435.9924518,19.20362548
99,328,8.277313433,70.89801136,150,55,2.727272727,439.2250954,20.66100233
99,328,8.277313433,70.89801136,150,60,2.5,444.6235036,21.72821928
99,328,8.277313433,70.89801136,150,65,2.307692308,442.5586822,23.86991627
99,328,8.277313433,70.89801136,150,70,2.142857143,470.3984819,21.40673537
99,328,8.277313433,70.89801136,150,75,2,474.676667,22.32121062
99,328,8.277313433,70.89801136,150,80,1.875,496.2817893,20.83315781
99,328,8.277313433,70.89801136,150,85,1.764705882,517.0260223,19.57635601
99,328,8.277313433,70.89801136,150,90,1.666666667,550.6737476,17.15574277
110,101,4.802885572,66.42522936,150,30,5,363.8632183,19.82243124
110,101,4.802885572,66.42522936,150,35,4.285714286,378.6985824,20.51337602
110,101,4.802885572,66.42522936,150,40,3.75,386.9898743,21.9690522
110,101,4.802885572,66.42522936,150,45,3.333333333,402.8084086,21.91629134
110,101,4.802885572,66.42522936,150,50,3,414.434108,22.35906646
110,101,4.802885572,66.42522936,150,55,2.727272727,459.6599334,18.02614561
110,101,4.802885572,66.42522936,150,60,2.5,474.9138424,17.83022815
110,101,4.802885572,66.42522936,150,65,2.307692308,502.2538502,16.33028136
110,101,4.802885572,66.42522936,150,70,2.142857143,562.0401133,12.55007256
110,101,4.802885572,44.28348624,100,30,3.333333333,401,14.80942755
110,101,4.802885572,44.28348624,100,35,2.857142857,432,13.81869205
110,101,4.802885572,44.28348624,100,40,2.5,470,12.26355977
110,101,4.802885572,44.28348624,100,45,2.222222222,534,9.406734304
110,101,4.802885572,44.28348624,100,50,2,573,8.459725535
110,101,4.802885572,44.28348624,100,55,1.818181818,597,8.22791565
110,101,4.802885572,44.28348624,100,60,1.666666667,614,8.250804023
99,328,4.802885572,66.42522936,150,30,5,435.8595022,11.53272228
99,328,4.802885572,66.42522936,150,35,4.285714286,438.5964574,13.20452614
99,328,4.802885572,66.42522936,150,40,3.75,466.1982609,12.5660325
99,328,4.802885572,66.42522936,150,45,3.333333333,473.9355964,13.45564937
99,328,4.802885572,66.42522936,150,50,3,494.047088,13.19821223
99,328,4.802885572,66.42522936,150,55,2.727272727,459.4752813,18.04788717
99,328,4.802885572,66.42522936,150,60,2.5,468.2597996,18.60119135
99,328,4.802885572,66.42522936,150,65,2.307692308,467.1124942,20.30014032
99,328,4.802885572,66.42522936,150,70,2.142857143,489.3954951,19.00939402
99,328,4.802885572,66.42522936,150,75,2,506.5632211,18.36582466
99,328,4.802885572,66.42522936,150,80,1.875,496.1020612,20.85580835
99,328,4.802885572,66.42522936,150,85,1.764705882,499.2403271,21.74403224
99,328,4.802885572,66.42522936,150,90,1.666666667,518.1281905,20.59590963
99,328,4.802885572,66.42522936,150,95,1.578947368,510.0707913,22.78674937
99,328,4.802885572,66.42522936,150,100,1.5,526.2487817,21.84121653
99,328,3.719681592,43.97976471,100,30,3.333333333,475.992211,8.85465921
99,328,3.719681592,43.97976471,100,35,2.857142857,482.397589,9.924366484
99,328,3.719681592,43.97976471,100,40,2.5,496.1020612,10.42790418
99,328,3.719681592,43.97976471,100,45,2.222222222,497.3429237,11.6438022
99,328,3.719681592,43.97976471,100,50,2,500.9342029,12.66129368
99,328,3.719681592,43.97976471,100,55,1.818181818,541.6372816,11.01760441
99,328,3.719681592,65.96964706,150,30,5,452.122843,10.33241973
99,328,3.719681592,65.96964706,150,35,4.285714286,431.8283406,13.83517812
99,328,3.719681592,65.96964706,150,40,3.75,448.4724751,14.11571059
99,328,3.719681592,65.96964706,150,45,3.333333333,453.1068338,15.39787578
99,328,3.719681592,65.96964706,150,50,3,471.2577299,15.20703965
99,328,3.719681592,65.96964706,150,55,2.727272727,472.3311744,16.61395359
99,328,3.719681592,65.96964706,150,60,2.5,495.6621788,15.68353799
99,328,3.719681592,65.96964706,150,65,2.307692308,495.9502361,16.96091147
99,328,3.719681592,65.96964706,150,70,2.142857143,523.1975075,15.55790716
64,254,3.719681592,43.97976471,100,30,3.333333333,471.0681537,9.135244057
64,254,3.719681592,43.97976471,100,35,2.857142857,476.8128872,10.27718618
64,254,3.719681592,43.97976471,100,40,2.5,491.5850593,10.7180086
64,254,3.719681592,43.97976471,100,45,2.222222222,502.2538502,11.3055794
64,254,3.719681592,43.97976471,100,50,2,514.5639936,11.68158999
64,254,3.719681592,43.97976471,100,55,1.818181818,525.2327846,12.08251504
64,254,3.719681592,43.97976471,100,60,1.666666667,534.260223,12.52399432
64,254,3.719681592,43.97976471,100,65,1.538461538,546.5703664,12.67141884
64,254,3.719681592,43.97976471,100,70,1.428571429,564.6252434,12.37847952
64,254,3.719681592,65.96964706,150,30,5,418.5448752,13.02402747
64,254,3.719681592,65.96964706,150,35,4.285714286,430.9961749,13.91547168
64,254,3.719681592,65.96964706,150,40,3.75,443.7757451,14.56865438
64,254,3.719681592,65.96964706,150,45,3.333333333,450.6809149,15.64786702
64,254,3.719681592,65.96964706,150,50,3,468.606125,15.46664996
64,254,3.719681592,65.96964706,150,55,2.727272727,488.5132682,15.01701909
64,254,3.719681592,65.96964706,150,60,2.5,499.9469294,15.28374098
64,254,3.719681592,65.96964706,150,65,2.307692308,515.657955,15.08962078
64,254,3.719681592,65.96964706,150,70,2.142857143,517.6645084,16.06212509
64,254,3.719681592,65.96964706,150,75,2,546.9880906,14.58739645
99,328,3.474427861,45.94473684,100,30,3.333333333,481.7369446,8.541645202
99,328,3.474427861,45.94473684,100,35,2.857142857,488.7446989,9.542716007
99,328,3.474427861,45.94473684,100,40,2.5,495.6884404,10.45403025
99,328,3.474427861,45.94473684,100,45,2.222222222,500.3104889,11.43783494
99,328,3.474427861,45.94473684,100,50,2,518.1610175,11.43999747
99,328,3.474427861,45.94473684,100,55,1.818181818,531.2885544,11.67404718
99,328,3.474427861,45.94473684,100,60,1.666666667,541.4550915,12.03134165
99,328,3.474427861,45.94473684,100,65,1.538461538,547.6659692,12.59552356
99,328,3.474427861,68.91710526,150,30,5,437.4204284,11.40969945
99,328,3.474427861,68.91710526,150,35,4.285714286,449.7305718,12.24788066
99,328,3.474427861,68.91710526,150,40,3.75,452.1926005,13.7701849
99,328,3.474427861,68.91710526,150,45,3.333333333,463.3168667,14.40218272
99,328,3.474427861,68.91710526,150,50,3,471.0944153,15.22286064
99,328,3.474427861,68.91710526,150,55,2.727272727,485.9059798,15.26005479
99,328,3.474427861,68.91710526,150,60,2.5,492.5608433,15.98165432
99,328,3.474427861,68.91710526,150,65,2.307692308,540.5679405,13.09823069
99,328,3.474427861,68.91710526,150,70,2.142857143,561.4541505,12.58940731
99,328,3.474427861,68.91710526,150,75,2,561.1463969,13.5108559
99,328,3.474427861,68.91710526,150,80,1.875,572.3847371,13.57925638
99,328,3.474427861,68.91710526,150,85,1.764705882,577.5238116,14.04621705
64,254,3.474427861,45.94473684,100,30,3.333333333,492.8702383,7.975788088
64,254,3.474427861,45.94473684,100,35,2.857142857,502.4499919,8.78293459
64,254,3.474427861,45.94473684,100,40,2.5,514.8454856,9.329951777
64,254,3.474427861,45.94473684,100,45,2.222222222,536.8412498,9.258167039
64,254,3.474427861,68.91710526,150,30,5,447.5762967,10.65050385
64,254,3.474427861,68.91710526,150,35,4.285714286,462.8613914,11.23479906
64,254,3.474427861,68.91710526,150,40,3.75,477.6335635,11.68491653
64,254,3.474427861,68.91710526,150,45,3.333333333,487.4816782,12.36481878
64,254,3.474427861,68.91710526,150,50,3,505.5365551,12.31863096
64,254,3.474427861,68.91710526,150,55,2.727272727,516.9882712,12.66982898
64,254,3.474427861,68.91710526,150,60,2.5,539.3623671,12.17193043
64,254,3.474427861,68.91710526,150,65,2.307692308,542.5662871,12.95403531
64,254,3.474427861,68.91710526,150,70,2.142857143,549.7537695,13.41045543
64,254,3.474427861,68.91710526,150,75,2,560.5218623,13.55606771
99,328,2.002905473,46.452,150,30,5,465.3603505,9.475524432
99,328,2.002905473,46.452,150,35,4.285714286,488.1636601,9.576831351
99,328,2.002905473,46.452,150,40,3.75,498.4861257,10.27900082
99,328,2.002905473,46.452,150,45,3.333333333,528.7165551,9.69156518
99,328,2.002905473,46.452,150,50,3,535.9114236,10.34048943
99,328,2.002905473,46.452,150,55,2.727272727,539.9409439,11.12177334
99,328,2.002905473,46.452,150,60,2.5,576.1967782,9.983639906
99,328,2.002905473,46.452,150,65,2.307692308,600.7349973,9.543654105
99,328,2.002905473,30.968,100,30,3.333333333,510.4606125,7.179342587
99,328,2.002905473,30.968,100,35,2.857142857,527.6948132,7.581754239
99,328,2.002905473,30.968,100,40,2.5,534.260223,8.349329544
99,328,2.002905473,30.968,100,45,2.222222222,565.4459196,7.92299579
99,328,2.002905473,30.968,100,50,2,610.5831121,6.991748126
99,328,2.002905473,30.968,100,55,1.818181818,631,6.968266414
99,328,2.002905473,30.968,100,60,1.666666667,652,6.890624721
64,254,2.002905473,46.452,150,30,5,494.2842634,7.907533446
64,254,2.002905473,46.452,150,35,4.285714286,498.5870689,8.988664009
64,254,2.002905473,46.452,150,40,3.75,497.5283965,10.33847558
64,254,2.002905473,46.452,150,45,3.333333333,509.1475305,10.8525482
64,254,2.002905473,46.452,150,50,3,520.6460251,11.27697111
64,254,2.002905473,46.452,150,55,2.727272727,528.6845488,11.84739778
64,254,2.002905473,46.452,150,60,2.5,565.3958584,10.5668007
64,254,2.002905473,46.452,150,65,2.307692308,579.2070186,10.64785293
64,254,2.002905473,46.452,150,70,2.142857143,588.6398711,10.92443912
64,254,2.002905473,30.968,100,30,3.333333333,508.81926,7.24904446
64,254,2.002905473,30.968,100,35,2.857142857,522.7707559,7.798019635
64,254,2.002905473,30.968,100,40,2.5,563.8045672,7.104350132
64,254,2.002905473,30.968,100,45,2.222222222,582.6801204,7.240558131
64,254,2.002905473,30.968,100,50,2,600.7349973,7.341272388
64,254,2.002905473,30.968,100,55,1.818181818,610.5831121,7.690922938
64,254,2.002905473,30.968,100,60,1.666666667,620.4312268,7.996877454
242,163,1.716776119,33.18,100,30,3.333333333,575.419,5.012089247
242,163,1.716776119,33.18,100,40,2.5,589,6.231093121
242,163,1.716776119,33.18,100,50,2,628,6.4260072
242,163,1.716776119,33.18,100,60,1.666666667,648.333,7.008208309
242,163,1.716776119,33.18,100,35,2.857142857,581,5.680542087
242,163,1.716776119,33.18,100,45,2.222222222,598,6.698215202
242,163,1.716776119,33.18,100,55,1.818181818,610,7.712999784
242,163,1.716776119,49.77,150,30,5,566.004,5.266388433
242,163,1.716776119,49.77,150,40,3.75,574.947,6.699257781
242,163,1.716776119,49.77,150,50,3,589,7.788866402
242,163,1.716776119,49.77,150,60,2.5,599.69,8.855660617
242,163,1.716776119,49.77,150,35,4.285714286,570,6.015803085
242,163,1.716776119,49.77,150,45,3.333333333,581,7.303554112
242,163,1.716776119,49.77,150,55,2.727272727,595,8.311165434
97,168,1.716776119,49.77,150,30,5,465,9.497570605
97,168,1.716776119,49.77,150,40,3.75,491,10.75636794
97,168,1.716776119,49.77,150,50,3,535,10.39342755
97,168,1.716776119,49.77,150,35,4.285714286,480,10.0738265
97,168,1.716776119,49.77,150,45,3.333333333,515,10.48675113
97,168,1.716776119,49.77,150,55,2.727272727,552,10.40867842
97,168,1.716776119,33.18,100,30,3.333333333,509,7.241325047
97,168,1.716776119,33.18,100,35,2.857142857,525,7.699105466
97,168,1.716776119,33.18,100,40,2.5,561,7.211432491
97,168,1.716776119,33.18,100,45,2.222222222,588,7.045805824
97,168,1.716776119,33.18,100,50,2,611,6.97744639
164,324,1.716776119,49.77,150,30,5,526.192,6.554486398
164,324,1.716776119,49.77,150,40,3.75,535.718,8.281355143
164,324,1.716776119,49.77,150,50,3,550,9.566037314
164,324,1.716776119,49.77,150,60,2.5,571,10.25871726
164,324,1.716776119,49.77,150,70,2.142857143,605,10.06194759
164,324,1.716776119,49.77,150,35,4.285714286,532,7.399174712
164,324,1.716776119,49.77,150,45,3.333333333,545,8.848571034
164,324,1.716776119,49.77,150,55,2.727272727,561,9.915719675
164,324,1.716776119,49.77,150,65,2.307692308,589,10.12552632
242,163,1.635024876,57.32093023,150,30,5,556,5.555805261
242,163,1.635024876,57.32093023,150,40,3.75,565.165,7.053169975
242,163,1.635024876,57.32093023,150,50,3,579,8.199444826
242,163,1.635024876,57.32093023,150,60,2.5,586.766,9.453803315
242,163,1.635024876,57.32093023,150,70,2.142857143,611.32,9.75309291
242,163,1.635024876,57.32093023,150,35,4.285714286,560,6.343867419
242,163,1.635024876,57.32093023,150,45,3.333333333,571,7.694037944
242,163,1.635024876,57.32093023,150,55,2.727272727,580,8.972817684
242,163,1.635024876,38.21395349,100,30,3.333333333,577,4.971002138
242,163,1.635024876,38.21395349,100,40,2.5,586,6.327283269
242,163,1.635024876,38.21395349,100,50,2,613,6.909374224
242,163,1.635024876,38.21395349,100,60,1.666666667,629,7.674488661
242,163,1.635024876,38.21395349,100,45,2.222222222,593,6.869079906
242,163,1.635024876,38.21395349,100,55,1.818181818,620,7.345777264
97,168,1.635024876,38.21395349,100,30,3.333333333,528,6.487384246
97,168,1.635024876,38.21395349,100,40,2.5,547,7.779436623
97,168,1.635024876,38.21395349,100,50,2,571.122,8.54345369
97,168,1.635024876,57.32093023,150,35,4.285714286,535,7.275399284
97,168,1.635024876,57.32093023,150,45,3.333333333,560,8.156400967
97,168,1.635024876,57.32093023,150,30,5,472,9.081245021
97,168,1.635024876,57.32093023,150,40,3.75,491.875,10.69906625
97,168,1.635024876,57.32093023,150,50,3,511.918,11.86366672
97,168,1.635024876,57.32093023,150,60,2.5,553.522,11.26151254
97,168,1.635024876,57.32093023,150,70,2.142857143,591.572,10.76280185
97,168,1.635024876,57.32093023,150,35,4.285714286,485,9.765465797
97,168,1.635024876,57.32093023,150,45,3.333333333,502,11.32273901
97,168,1.635024876,57.32093023,150,55,2.727272727,533,11.56195293
97,168,1.635024876,57.32093023,150,65,2.307692308,574,10.9402643
164,324,1.635024876,38.21395349,100,30,3.333333333,545,5.899047356
164,324,1.635024876,38.21395349,100,40,2.5,558,7.32837238
164,324,1.635024876,38.21395349,100,50,2,561,9.014290614
164,324,1.635024876,38.21395349,100,60,1.666666667,602,8.754108224
164,324,1.635024876,38.21395349,100,35,2.857142857,550,6.69622612
164,324,1.635024876,38.21395349,100,45,2.222222222,560,8.156400967
164,324,1.635024876,38.21395349,100,55,1.818181818,577,9.113503921
164,324,1.635024876,57.32093023,150,30,5,447.028,10.68974167
164,324,1.635024876,57.32093023,150,40,3.75,496.466,10.40498818
164,324,1.635024876,57.32093023,150,50,3,524.255,11.04567843
164,324,1.635024876,57.32093023,150,60,2.5,526,13.12333311
164,324,1.635024876,57.32093023,150,70,2.142857143,568.881,12.10274513
164,324,1.635024876,57.32093023,150,35,4.285714286,468,10.86877554
164,324,1.635024876,57.32093023,150,45,3.333333333,510,10.79821873
164,324,1.635024876,57.32093023,150,55,2.727272727,525,12.0985943
242,163,1.430646766,44.93125,100,30,3.333333333,630.005,3.8189098
242,163,1.430646766,44.93125,100,40,2.5,638.052,4.901645549
242,163,1.430646766,44.93125,100,50,2,644.347,5.949229278
242,163,1.430646766,44.93125,100,60,1.666666667,673.548,6.250226162
242,163,1.430646766,44.93125,100,35,2.857142857,633,4.39245225
242,163,1.430646766,44.93125,100,45,2.222222222,641,5.438618053
242,163,1.430646766,44.93125,100,55,1.818181818,660,6.089491346
242,163,1.430646766,67.396875,150,30,5,577,4.971002138
242,163,1.430646766,67.396875,150,40,3.75,584,6.392512482
242,163,1.430646766,67.396875,150,50,3,586,7.909104086
242,163,1.430646766,67.396875,150,60,2.5,628,7.71120864
242,163,1.430646766,67.396875,150,35,4.285714286,580,5.70997489
242,163,1.430646766,67.396875,150,45,3.333333333,585,7.154759669
242,163,1.430646766,67.396875,150,55,2.727272727,605,7.905815962
97,168,1.430646766,44.93125,100,30,3.333333333,471,9.13921024
97,168,1.430646766,44.93125,100,40,2.5,480,11.51294458
97,168,1.430646766,44.93125,100,45,2.222222222,499,11.52818697
97,168,1.430646766,44.93125,100,50,2,520,11.31905338
97,168,1.430646766,44.93125,100,35,2.857142857,477,10.26509663
97,168,1.430646766,67.396875,150,30,5,450,10.479338
97,168,1.430646766,67.396875,150,40,3.75,484,11.22985222
97,168,1.430646766,67.396875,150,50,3,491,13.44545993
97,168,1.430646766,67.396875,150,60,2.5,539,12.19649633
97,168,1.430646766,67.396875,150,70,2.142857143,574,11.7818231
97,168,1.430646766,67.396875,150,35,4.285714286,466,11.00931832
97,168,1.430646766,67.396875,150,45,3.333333333,488,12.3254613
97,168,1.430646766,67.396875,150,55,2.727272727,513,12.96763354
97,168,1.430646766,67.396875,150,65,2.307692308,551,12.36826252
164,324,1.430646766,44.93125,100,30,3.333333333,518.705,6.84242564
164,324,1.430646766,44.93125,100,40,2.5,547.029,7.778199439
164,324,1.430646766,44.93125,100,50,2,552.765,9.423202617
164,324,1.430646766,44.93125,100,60,1.666666667,557.665,11.01238079
164,324,1.430646766,44.93125,100,70,1.428571429,590.227,10.83654796
164,324,1.430646766,44.93125,100,35,2.857142857,532,7.399174712
164,324,1.430646766,44.93125,100,45,2.222222222,550,8.609433582
164,324,1.430646766,44.93125,100,55,1.818181818,555,10.24079977
164,324,1.430646766,44.93125,100,65,1.538461538,570,11.17220573
164,324,1.430646766,67.396875,150,30,5,494,7.921192045
164,324,1.430646766,67.396875,150,40,3.75,513.81,9.386473723
164,324,1.430646766,67.396875,150,50,3,516.972,11.51911394
164,324,1.430646766,67.396875,150,60,2.5,520,13.58286406
164,324,1.430646766,67.396875,150,70,2.142857143,550.561,13.35155479
164,324,1.430646766,67.396875,150,80,1.875,584.132,12.77635958
164,324,1.430646766,67.396875,150,90,1.666666667,605,12.93678976
164,324,1.430646766,67.396875,150,35,4.285714286,503,8.754154838
164,324,1.430646766,67.396875,150,45,3.333333333,515,10.48675113
164,324,1.430646766,67.396875,150,55,2.727272727,518,12.59573587
164,324,1.430646766,67.396875,150,65,2.307692308,536,13.43597299
164,324,1.430646766,67.396875,150,75,2,566,13.16625022
99,328,1.124079602,37.65666667,100,30,3.333333333,486.619,8.287130992
99,328,1.124079602,37.65666667,100,40,2.5,506.468,9.800632263
99,328,1.124079602,56.485,150,30,5,487.089,8.263164975
99,328,1.124079602,56.485,150,40,3.75,514.602,9.343201534
99,328,1.124079602,56.485,150,50,3,522.279,11.17152463
99,328,1.124079602,56.485,150,60,2.5,566.051,10.53015343
99,328,1.124079602,37.65666667,100,35,2.857142857,496,9.130049867
99,328,1.124079602,56.485,150,35,4.285714286,498,9.020490444
99,328,1.124079602,56.485,150,45,3.333333333,519,10.24614683
99,328,1.124079602,56.485,150,55,2.727272727,548,10.63827343
242,163,1.124079602,64.01633333,170,30,5.666666667,555.914,5.558384112
242,163,1.124079602,64.01633333,170,40,4.25,577,6.628002851
242,163,1.124079602,64.01633333,170,50,3.4,581,8.115060125
242,163,1.124079602,64.01633333,170,60,2.833333333,590,9.299194902
242,163,1.124079602,64.01633333,170,70,2.428571429,618.05,9.437942833
242,163,1.124079602,64.01633333,170,80,2.125,636.84,9.859368993
242,163,1.124079602,64.01633333,170,35,4.857142857,566,6.144250104
242,163,1.124079602,64.01633333,170,45,3.777777778,579,7.379500344
242,163,1.124079602,64.01633333,170,55,3.090909091,586,8.700014494
242,163,1.124079602,64.01633333,170,65,2.615384615,603,9.436513269
242,163,1.124079602,64.01633333,170,75,2.266666667,624,9.825567173
64,254,1.124079602,37.65666667,100,30,3.333333333,508,7.284173013
64,254,1.124079602,37.65666667,100,40,2.5,538.003,8.176285239
64,254,1.124079602,56.485,150,30,5,460.682,9.767145527
64,254,1.124079602,56.485,150,40,3.75,508.389,9.689953446
64,254,1.124079602,56.485,150,50,3,534.954,10.39610893
64,254,1.124079602,56.485,150,60,2.5,566.004,10.53277687
64,254,1.124079602,56.485,150,70,2.142857143,576.982,11.60009058
64,254,1.124079602,56.485,150,35,4.285714286,476,10.32992863
64,254,1.124079602,56.485,150,45,3.333333333,521,10.12860136
64,254,1.124079602,56.485,150,55,2.727272727,551,10.4654529
64,254,1.124079602,56.485,150,65,2.307692308,571,11.11361036
97,168,1.124079602,52.71933333,140,30,4.666666667,481.791,8.53877049
97,168,1.124079602,52.71933333,140,40,3.5,502.96,10.00713559
97,168,1.124079602,52.71933333,140,50,2.8,547.038,9.722269424
97,168,1.124079602,52.71933333,140,60,2.333333333,556.05,11.10861332
97,168,1.124079602,52.71933333,140,70,2,591.402,10.7720859
97,168,1.124079602,52.71933333,140,35,4,493,9.297740508
97,168,1.124079602,52.71933333,140,45,3.111111111,524,9.955630913
97,168,1.124079602,52.71933333,140,55,2.545454545,550,10.52264105
97,168,1.124079602,52.71933333,140,65,2.153846154,576,10.82669846
164,324,1.124079602,48.95366667,130,30,4.333333333,527,6.524384447
164,324,1.124079602,48.95366667,130,40,3.25,565,7.059351105
164,324,1.124079602,48.95366667,130,50,2.6,577,8.285003564
164,324,1.124079602,48.95366667,130,60,2.166666667,614,8.250804023
164,324,1.124079602,48.95366667,130,35,3.714285714,542,6.997136069
164,324,1.124079602,48.95366667,130,45,2.888888889,570,7.734603966
164,324,1.124079602,52.45035714,130,55,2.363636364,590,8.524261993
164,324,1.124079602,52.45035714,130,65,2,635,8.080575929
164,324,1.124079602,52.45035714,130,70,1.857142857,652,8.039062175
164,324,1.124079602,52.45035714,130,75,1.733333333,671,7.90212395
164,324,1.124079602,52.45035714,130,80,1.625,699,7.45604627
164,324,1.124079602,50.43303571,125,30,4.166666667,530,6.414218951
164,324,1.124079602,50.43303571,125,40,3.125,570,6.875203525
164,324,1.124079602,50.43303571,125,50,2.5,581,8.115060125
164,324,1.124079602,50.43303571,125,60,2.083333333,620,8.013575198
164,324,1.124079602,50.43303571,125,35,3.571428571,545,6.882221916
164,324,1.124079602,50.43303571,125,45,2.777777778,575,7.534581144
164,324,1.124079602,50.43303571,125,55,2.272727273,600,8.105112981
164,324,1.124079602,50.43303571,125,65,1.923076923,644,7.746506494
164,324,1.124079602,50.43303571,125,70,1.785714286,666,7.542676599
164,324,1.124079602,50.43303571,125,75,1.666666667,690,7.267150024
